[
  {
    "model": "department.department",
    "pk": 1,
    "fields": {
      "name": "Support Office",
      "root_directory": 1,
      "is_support": true
    }
  },
  {
    "model": "department.department",
    "pk": 2,
    "fields": {
      "name": "College of Information and Computing",
      "root_directory": 2,
      "is_support": false
    }
  },
  {
    "model": "department.department",
    "pk": 6,
    "fields": {
      "name": "Systems and Data Management Division",
      "root_directory": 3,
      "is_support": false
    }
  },
  {
    "model": "department.department",
    "pk": 7,
    "fields": {
      "name": "College of Engineering",
      "root_directory": 634,
      "is_support": false
    }
  },
  {
    "model": "department.department",
    "pk": 8,
    "fields": {
      "name": "University Records Office",
      "root_directory": 649,
      "is_support": false
    }
  },
  {
    "model": "department.department",
    "pk": 10,
    "fields": {
      "name": "College of Education",
      "root_directory": 6228,
      "is_support": false
    }
  },
  {
    "model": "department.department",
    "pk": 11,
    "fields": {
      "name": "Quality Assurance Division",
      "root_directory": 6231,
      "is_support": false
    }
  },
  {
    "model": "department.department",
    "pk": 14,
    "fields": {
      "name": "College of Technology",
      "root_directory": 6235,
      "is_support": false
    }
  },
  {
    "model": "department.department",
    "pk": 15,
    "fields": {
      "name": "College of Applied Economics",
      "root_directory": 6236,
      "is_support": false
    }
  },
  {
    "model": "department.department",
    "pk": 16,
    "fields": {
      "name": "College of Arts and Sciences",
      "root_directory": 6237,
      "is_support": false
    }
  },
  {
    "model": "department.department",
    "pk": 17,
    "fields": {
      "name": "College of Business Administration",
      "root_directory": 6238,
      "is_support": false
    }
  },
  {
    "model": "department.department",
    "pk": 18,
    "fields": {
      "name": "College of Development Management",
      "root_directory": 6239,
      "is_support": false
    }
  },
  {
    "model": "department.department",
    "pk": 19,
    "fields": {
      "name": "College of Agriculture and Related Sciences",
      "root_directory": 6240,
      "is_support": false
    }
  },
  {
    "model": "department.department",
    "pk": 20,
    "fields": {
      "name": "College of Teacher Education and Technology",
      "root_directory": 6241,
      "is_support": false
    }
  },
  {
    "model": "department.userdepartment",
    "pk": 19,
    "fields": {
      "user": 6,
      "department": 2,
      "is_head": true,
      "is_active": true,
      "created_at": "2020-03-04T00:15:33.314Z"
    }
  },
  {
    "model": "department.userdepartment",
    "pk": 22,
    "fields": {
      "user": 8,
      "department": 1,
      "is_head": true,
      "is_active": true,
      "created_at": "2020-03-04T03:13:06.891Z"
    }
  },
  {
    "model": "department.userdepartment",
    "pk": 34,
    "fields": {
      "user": 13,
      "department": 7,
      "is_head": true,
      "is_active": true,
      "created_at": "2020-03-04T05:41:45.785Z"
    }
  },
  {
    "model": "department.userdepartment",
    "pk": 35,
    "fields": {
      "user": 14,
      "department": 7,
      "is_head": false,
      "is_active": true,
      "created_at": "2020-03-04T05:44:56.067Z"
    }
  },
  {
    "model": "department.userdepartment",
    "pk": 48,
    "fields": {
      "user": 37,
      "department": 8,
      "is_head": true,
      "is_active": true,
      "created_at": "2020-03-25T04:20:56.740Z"
    }
  },
  {
    "model": "department.userdepartment",
    "pk": 49,
    "fields": {
      "user": 38,
      "department": 8,
      "is_head": false,
      "is_active": true,
      "created_at": "2020-03-25T04:24:04.764Z"
    }
  },
  {
    "model": "department.userdepartment",
    "pk": 50,
    "fields": {
      "user": 70,
      "department": 2,
      "is_head": false,
      "is_active": true,
      "created_at": "2020-04-01T10:47:40.105Z"
    }
  },
  {
    "model": "department.userdepartment",
    "pk": 52,
    "fields": {
      "user": 79,
      "department": 2,
      "is_head": false,
      "is_active": true,
      "created_at": "2020-04-06T10:04:11.077Z"
    }
  },
  {
    "model": "department.userdepartment",
    "pk": 53,
    "fields": {
      "user": 5,
      "department": 6,
      "is_head": true,
      "is_active": true,
      "created_at": "2020-04-20T04:32:49.102Z"
    }
  },
  {
    "model": "department.userdepartment",
    "pk": 56,
    "fields": {
      "user": 74,
      "department": 11,
      "is_head": true,
      "is_active": true,
      "created_at": "2020-07-27T06:04:51.061Z"
    }
  },
  {
    "model": "department.userdepartment",
    "pk": 57,
    "fields": {
      "user": 74,
      "department": 1,
      "is_head": true,
      "is_active": true,
      "created_at": "2020-07-27T06:05:37.487Z"
    }
  },
  {
    "model": "department.userdepartment",
    "pk": 60,
    "fields": {
      "user": 152,
      "department": 1,
      "is_head": true,
      "is_active": true,
      "created_at": "2020-07-27T07:47:01.497Z"
    }
  },
  {
    "model": "department.userdepartment",
    "pk": 62,
    "fields": {
      "user": 113,
      "department": 14,
      "is_head": true,
      "is_active": true,
      "created_at": "2020-09-07T13:31:54.859Z"
    }
  },
  {
    "model": "department.userdepartment",
    "pk": 63,
    "fields": {
      "user": 94,
      "department": 7,
      "is_head": true,
      "is_active": true,
      "created_at": "2020-09-07T13:33:20.766Z"
    }
  },
  {
    "model": "department.userdepartment",
    "pk": 64,
    "fields": {
      "user": 233,
      "department": 15,
      "is_head": true,
      "is_active": true,
      "created_at": "2020-09-07T13:40:12.893Z"
    }
  },
  {
    "model": "department.userdepartment",
    "pk": 65,
    "fields": {
      "user": 139,
      "department": 16,
      "is_head": true,
      "is_active": true,
      "created_at": "2020-09-07T13:40:57.281Z"
    }
  },
  {
    "model": "department.userdepartment",
    "pk": 66,
    "fields": {
      "user": 449,
      "department": 17,
      "is_head": true,
      "is_active": true,
      "created_at": "2020-09-07T13:41:25.957Z"
    }
  },
  {
    "model": "department.userdepartment",
    "pk": 67,
    "fields": {
      "user": 205,
      "department": 10,
      "is_head": true,
      "is_active": true,
      "created_at": "2020-09-07T13:42:02.295Z"
    }
  },
  {
    "model": "department.userdepartment",
    "pk": 68,
    "fields": {
      "user": 176,
      "department": 18,
      "is_head": true,
      "is_active": true,
      "created_at": "2020-09-07T13:47:00.046Z"
    }
  },
  {
    "model": "department.userdepartment",
    "pk": 69,
    "fields": {
      "user": 427,
      "department": 19,
      "is_head": true,
      "is_active": true,
      "created_at": "2020-09-07T13:47:57.854Z"
    }
  },
  {
    "model": "department.userdepartment",
    "pk": 70,
    "fields": {
      "user": 409,
      "department": 20,
      "is_head": true,
      "is_active": true,
      "created_at": "2020-09-07T13:48:39.308Z"
    }
  },
  {
    "model": "department.userdepartment",
    "pk": 71,
    "fields": {
      "user": 3,
      "department": 6,
      "is_head": true,
      "is_active": true,
      "created_at": "2020-09-07T13:56:12.861Z"
    }
  },
  {
    "model": "department.userdepartment",
    "pk": 73,
    "fields": {
      "user": 29,
      "department": 2,
      "is_head": false,
      "is_active": true,
      "created_at": "2020-09-07T14:27:55.069Z"
    }
  },
  {
    "model": "department.userdepartment",
    "pk": 74,
    "fields": {
      "user": 30,
      "department": 2,
      "is_head": false,
      "is_active": true,
      "created_at": "2020-09-07T14:28:27.742Z"
    }
  },
  {
    "model": "department.userdepartment",
    "pk": 75,
    "fields": {
      "user": 33,
      "department": 2,
      "is_head": false,
      "is_active": true,
      "created_at": "2020-09-07T14:28:46.423Z"
    }
  },
  {
    "model": "department.userdepartment",
    "pk": 76,
    "fields": {
      "user": 32,
      "department": 2,
      "is_head": false,
      "is_active": true,
      "created_at": "2020-09-07T14:29:12.084Z"
    }
  },
  {
    "model": "department.userdepartment",
    "pk": 77,
    "fields": {
      "user": 45,
      "department": 2,
      "is_head": false,
      "is_active": true,
      "created_at": "2020-09-07T14:29:38.469Z"
    }
  },
  {
    "model": "department.userdepartment",
    "pk": 78,
    "fields": {
      "user": 31,
      "department": 2,
      "is_head": false,
      "is_active": true,
      "created_at": "2020-09-07T14:30:01.102Z"
    }
  },
  {
    "model": "department.userdepartment",
    "pk": 79,
    "fields": {
      "user": 17,
      "department": 2,
      "is_head": false,
      "is_active": true,
      "created_at": "2020-09-07T14:30:19.996Z"
    }
  },
  {
    "model": "department.userdepartment",
    "pk": 80,
    "fields": {
      "user": 137,
      "department": 2,
      "is_head": false,
      "is_active": true,
      "created_at": "2020-09-07T14:30:39.366Z"
    }
  },
  {
    "model": "department.userdepartment",
    "pk": 81,
    "fields": {
      "user": 34,
      "department": 2,
      "is_head": false,
      "is_active": true,
      "created_at": "2020-09-07T14:31:03.677Z"
    }
  },
  {
    "model": "department.userdepartment",
    "pk": 82,
    "fields": {
      "user": 35,
      "department": 2,
      "is_head": false,
      "is_active": true,
      "created_at": "2020-09-07T14:31:41.973Z"
    }
  },
  {
    "model": "department.userdepartment",
    "pk": 83,
    "fields": {
      "user": 4,
      "department": 2,
      "is_head": false,
      "is_active": true,
      "created_at": "2020-09-07T14:32:15.719Z"
    }
  },
  {
    "model": "department.userdepartment",
    "pk": 84,
    "fields": {
      "user": 3,
      "department": 2,
      "is_head": false,
      "is_active": true,
      "created_at": "2020-09-07T14:32:45.300Z"
    }
  },
  {
    "model": "department.userdepartment",
    "pk": 85,
    "fields": {
      "user": 40,
      "department": 2,
      "is_head": false,
      "is_active": true,
      "created_at": "2020-09-07T14:33:04.848Z"
    }
  },
  {
    "model": "department.userdepartment",
    "pk": 86,
    "fields": {
      "user": 247,
      "department": 2,
      "is_head": false,
      "is_active": true,
      "created_at": "2020-09-07T14:33:22.307Z"
    }
  },
  {
    "model": "department.userdepartment",
    "pk": 87,
    "fields": {
      "user": 46,
      "department": 2,
      "is_head": false,
      "is_active": true,
      "created_at": "2020-09-07T14:33:43.987Z"
    }
  },
  {
    "model": "department.userdepartment",
    "pk": 88,
    "fields": {
      "user": 100,
      "department": 6,
      "is_head": false,
      "is_active": true,
      "created_at": "2020-09-07T14:57:42.621Z"
    }
  },
  {
    "model": "department.userdepartment",
    "pk": 89,
    "fields": {
      "user": 588,
      "department": 6,
      "is_head": false,
      "is_active": true,
      "created_at": "2020-09-07T14:59:25.063Z"
    }
  },
  {
    "model": "department.userdepartment",
    "pk": 108,
    "fields": {
      "user": 593,
      "department": 6,
      "is_head": false,
      "is_active": true,
      "created_at": "2020-09-09T04:50:40.796Z"
    }
  },
  {
    "model": "department.userdepartment",
    "pk": 109,
    "fields": {
      "user": 594,
      "department": 6,
      "is_head": false,
      "is_active": true,
      "created_at": "2020-09-09T04:50:59.831Z"
    }
  },
  {
    "model": "department.userdepartment",
    "pk": 110,
    "fields": {
      "user": 224,
      "department": 11,
      "is_head": false,
      "is_active": true,
      "created_at": "2020-09-10T07:44:54.759Z"
    }
  },
  {
    "model": "department.userdepartment",
    "pk": 111,
    "fields": {
      "user": 51,
      "department": 11,
      "is_head": false,
      "is_active": true,
      "created_at": "2020-09-10T07:54:39.581Z"
    }
  },
  {
    "model": "department.userdepartment",
    "pk": 112,
    "fields": {
      "user": 152,
      "department": 11,
      "is_head": false,
      "is_active": true,
      "created_at": "2020-09-10T07:55:41.936Z"
    }
  },
  {
    "model": "department.userdepartment",
    "pk": 113,
    "fields": {
      "user": 596,
      "department": 11,
      "is_head": false,
      "is_active": true,
      "created_at": "2020-09-10T08:00:28.582Z"
    }
  },
  {
    "model": "department.userdepartment",
    "pk": 114,
    "fields": {
      "user": 330,
      "department": 20,
      "is_head": false,
      "is_active": true,
      "created_at": "2020-09-17T03:22:06.933Z"
    }
  },
  {
    "model": "department.userdepartment",
    "pk": 115,
    "fields": {
      "user": 342,
      "department": 20,
      "is_head": false,
      "is_active": true,
      "created_at": "2020-09-17T03:23:28.568Z"
    }
  },
  {
    "model": "department.userdepartment",
    "pk": 116,
    "fields": {
      "user": 400,
      "department": 20,
      "is_head": false,
      "is_active": true,
      "created_at": "2020-09-17T03:23:52.228Z"
    }
  },
  {
    "model": "department.userdepartment",
    "pk": 117,
    "fields": {
      "user": 346,
      "department": 20,
      "is_head": false,
      "is_active": true,
      "created_at": "2020-09-17T03:24:21.466Z"
    }
  },
  {
    "model": "department.userdepartment",
    "pk": 118,
    "fields": {
      "user": 386,
      "department": 20,
      "is_head": false,
      "is_active": true,
      "created_at": "2020-09-17T03:24:49.345Z"
    }
  },
  {
    "model": "department.userdepartment",
    "pk": 119,
    "fields": {
      "user": 334,
      "department": 20,
      "is_head": false,
      "is_active": true,
      "created_at": "2020-09-17T03:25:19.380Z"
    }
  },
  {
    "model": "department.userdepartment",
    "pk": 120,
    "fields": {
      "user": 419,
      "department": 20,
      "is_head": false,
      "is_active": true,
      "created_at": "2020-09-17T03:25:38.163Z"
    }
  },
  {
    "model": "department.userdepartment",
    "pk": 121,
    "fields": {
      "user": 325,
      "department": 20,
      "is_head": false,
      "is_active": true,
      "created_at": "2020-09-17T03:25:55.853Z"
    }
  },
  {
    "model": "department.userdepartment",
    "pk": 122,
    "fields": {
      "user": 348,
      "department": 20,
      "is_head": false,
      "is_active": true,
      "created_at": "2020-09-17T03:26:14.027Z"
    }
  },
  {
    "model": "department.userdepartment",
    "pk": 123,
    "fields": {
      "user": 249,
      "department": 20,
      "is_head": false,
      "is_active": true,
      "created_at": "2020-09-17T03:26:33.280Z"
    }
  },
  {
    "model": "department.userdepartment",
    "pk": 124,
    "fields": {
      "user": 74,
      "department": 2,
      "is_head": false,
      "is_active": true,
      "created_at": "2020-09-17T03:40:27.227Z"
    }
  },
  {
    "model": "department.userdepartment",
    "pk": 125,
    "fields": {
      "user": 74,
      "department": 7,
      "is_head": false,
      "is_active": true,
      "created_at": "2020-09-17T03:40:35.478Z"
    }
  },
  {
    "model": "department.userdepartment",
    "pk": 126,
    "fields": {
      "user": 74,
      "department": 10,
      "is_head": false,
      "is_active": true,
      "created_at": "2020-09-17T03:40:47.120Z"
    }
  },
  {
    "model": "department.userdepartment",
    "pk": 127,
    "fields": {
      "user": 74,
      "department": 14,
      "is_head": false,
      "is_active": true,
      "created_at": "2020-09-17T03:41:21.062Z"
    }
  },
  {
    "model": "department.userdepartment",
    "pk": 128,
    "fields": {
      "user": 74,
      "department": 15,
      "is_head": false,
      "is_active": true,
      "created_at": "2020-09-17T03:41:27.813Z"
    }
  },
  {
    "model": "department.userdepartment",
    "pk": 129,
    "fields": {
      "user": 74,
      "department": 16,
      "is_head": false,
      "is_active": true,
      "created_at": "2020-09-17T03:41:47.706Z"
    }
  },
  {
    "model": "department.userdepartment",
    "pk": 130,
    "fields": {
      "user": 74,
      "department": 17,
      "is_head": false,
      "is_active": true,
      "created_at": "2020-09-17T03:43:48.800Z"
    }
  },
  {
    "model": "department.userdepartment",
    "pk": 131,
    "fields": {
      "user": 74,
      "department": 18,
      "is_head": false,
      "is_active": true,
      "created_at": "2020-09-17T03:43:59.848Z"
    }
  },
  {
    "model": "department.userdepartment",
    "pk": 132,
    "fields": {
      "user": 74,
      "department": 19,
      "is_head": false,
      "is_active": true,
      "created_at": "2020-09-17T03:44:06.396Z"
    }
  },
  {
    "model": "department.userdepartment",
    "pk": 133,
    "fields": {
      "user": 74,
      "department": 20,
      "is_head": false,
      "is_active": true,
      "created_at": "2020-09-17T03:44:11.819Z"
    }
  },
  {
    "model": "department.userdepartment",
    "pk": 134,
    "fields": {
      "user": 152,
      "department": 2,
      "is_head": false,
      "is_active": true,
      "created_at": "2020-09-17T03:44:46.667Z"
    }
  },
  {
    "model": "department.userdepartment",
    "pk": 135,
    "fields": {
      "user": 152,
      "department": 7,
      "is_head": false,
      "is_active": true,
      "created_at": "2020-09-17T03:44:52.980Z"
    }
  },
  {
    "model": "department.userdepartment",
    "pk": 136,
    "fields": {
      "user": 152,
      "department": 10,
      "is_head": false,
      "is_active": true,
      "created_at": "2020-09-17T03:45:00.387Z"
    }
  },
  {
    "model": "department.userdepartment",
    "pk": 137,
    "fields": {
      "user": 152,
      "department": 14,
      "is_head": false,
      "is_active": true,
      "created_at": "2020-09-17T03:45:10.404Z"
    }
  },
  {
    "model": "department.userdepartment",
    "pk": 138,
    "fields": {
      "user": 152,
      "department": 15,
      "is_head": false,
      "is_active": true,
      "created_at": "2020-09-17T03:45:20.109Z"
    }
  },
  {
    "model": "department.userdepartment",
    "pk": 139,
    "fields": {
      "user": 152,
      "department": 16,
      "is_head": false,
      "is_active": true,
      "created_at": "2020-09-17T03:45:27.391Z"
    }
  },
  {
    "model": "department.userdepartment",
    "pk": 140,
    "fields": {
      "user": 152,
      "department": 17,
      "is_head": false,
      "is_active": true,
      "created_at": "2020-09-17T03:45:44.034Z"
    }
  },
  {
    "model": "department.userdepartment",
    "pk": 141,
    "fields": {
      "user": 152,
      "department": 18,
      "is_head": false,
      "is_active": true,
      "created_at": "2020-09-17T03:45:50.113Z"
    }
  },
  {
    "model": "department.userdepartment",
    "pk": 143,
    "fields": {
      "user": 152,
      "department": 19,
      "is_head": false,
      "is_active": true,
      "created_at": "2020-09-17T03:46:03.192Z"
    }
  },
  {
    "model": "department.userdepartment",
    "pk": 145,
    "fields": {
      "user": 152,
      "department": 20,
      "is_head": false,
      "is_active": true,
      "created_at": "2020-09-17T03:46:16.116Z"
    }
  },
  {
    "model": "department.userdepartment",
    "pk": 146,
    "fields": {
      "user": 224,
      "department": 2,
      "is_head": false,
      "is_active": true,
      "created_at": "2020-09-17T03:49:03.075Z"
    }
  },
  {
    "model": "department.userdepartment",
    "pk": 147,
    "fields": {
      "user": 224,
      "department": 7,
      "is_head": false,
      "is_active": true,
      "created_at": "2020-09-17T03:49:11.029Z"
    }
  },
  {
    "model": "department.userdepartment",
    "pk": 148,
    "fields": {
      "user": 224,
      "department": 10,
      "is_head": false,
      "is_active": true,
      "created_at": "2020-09-17T03:49:15.358Z"
    }
  },
  {
    "model": "department.userdepartment",
    "pk": 149,
    "fields": {
      "user": 224,
      "department": 14,
      "is_head": false,
      "is_active": true,
      "created_at": "2020-09-17T03:49:21.921Z"
    }
  },
  {
    "model": "department.userdepartment",
    "pk": 150,
    "fields": {
      "user": 224,
      "department": 15,
      "is_head": false,
      "is_active": true,
      "created_at": "2020-09-17T03:49:26.734Z"
    }
  },
  {
    "model": "department.userdepartment",
    "pk": 151,
    "fields": {
      "user": 224,
      "department": 16,
      "is_head": false,
      "is_active": true,
      "created_at": "2020-09-17T03:49:34.048Z"
    }
  },
  {
    "model": "department.userdepartment",
    "pk": 152,
    "fields": {
      "user": 224,
      "department": 17,
      "is_head": false,
      "is_active": true,
      "created_at": "2020-09-17T03:49:39.767Z"
    }
  },
  {
    "model": "department.userdepartment",
    "pk": 153,
    "fields": {
      "user": 224,
      "department": 18,
      "is_head": false,
      "is_active": true,
      "created_at": "2020-09-17T03:49:45.424Z"
    }
  },
  {
    "model": "department.userdepartment",
    "pk": 154,
    "fields": {
      "user": 224,
      "department": 19,
      "is_head": false,
      "is_active": true,
      "created_at": "2020-09-17T03:49:51.081Z"
    }
  },
  {
    "model": "department.userdepartment",
    "pk": 155,
    "fields": {
      "user": 224,
      "department": 20,
      "is_head": false,
      "is_active": true,
      "created_at": "2020-09-17T03:49:56.441Z"
    }
  },
  {
    "model": "department.userdepartment",
    "pk": 156,
    "fields": {
      "user": 219,
      "department": 17,
      "is_head": false,
      "is_active": true,
      "created_at": "2020-09-18T02:35:04.649Z"
    }
  },
  {
    "model": "department.userdepartment",
    "pk": 157,
    "fields": {
      "user": 186,
      "department": 17,
      "is_head": false,
      "is_active": true,
      "created_at": "2020-09-18T02:35:51.389Z"
    }
  },
  {
    "model": "department.userdepartment",
    "pk": 158,
    "fields": {
      "user": 221,
      "department": 17,
      "is_head": false,
      "is_active": true,
      "created_at": "2020-09-18T02:36:09.548Z"
    }
  },
  {
    "model": "department.userdepartment",
    "pk": 159,
    "fields": {
      "user": 134,
      "department": 17,
      "is_head": false,
      "is_active": true,
      "created_at": "2020-09-18T02:37:34.121Z"
    }
  },
  {
    "model": "department.userdepartment",
    "pk": 160,
    "fields": {
      "user": 41,
      "department": 17,
      "is_head": false,
      "is_active": true,
      "created_at": "2020-09-18T02:37:54.562Z"
    }
  },
  {
    "model": "department.userdepartment",
    "pk": 161,
    "fields": {
      "user": 274,
      "department": 17,
      "is_head": false,
      "is_active": true,
      "created_at": "2020-09-18T02:38:27.847Z"
    }
  },
  {
    "model": "department.userdepartment",
    "pk": 162,
    "fields": {
      "user": 110,
      "department": 17,
      "is_head": false,
      "is_active": true,
      "created_at": "2020-09-18T02:38:50.288Z"
    }
  },
  {
    "model": "department.userdepartment",
    "pk": 163,
    "fields": {
      "user": 518,
      "department": 17,
      "is_head": false,
      "is_active": true,
      "created_at": "2020-09-18T02:39:09.103Z"
    }
  },
  {
    "model": "department.userdepartment",
    "pk": 164,
    "fields": {
      "user": 195,
      "department": 17,
      "is_head": false,
      "is_active": true,
      "created_at": "2020-09-18T02:39:29.215Z"
    }
  },
  {
    "model": "department.userdepartment",
    "pk": 165,
    "fields": {
      "user": 194,
      "department": 17,
      "is_head": false,
      "is_active": true,
      "created_at": "2020-09-18T02:39:51.546Z"
    }
  },
  {
    "model": "department.userdepartment",
    "pk": 166,
    "fields": {
      "user": 129,
      "department": 17,
      "is_head": false,
      "is_active": true,
      "created_at": "2020-09-18T02:40:34.754Z"
    }
  },
  {
    "model": "department.userdepartment",
    "pk": 167,
    "fields": {
      "user": 135,
      "department": 17,
      "is_head": false,
      "is_active": true,
      "created_at": "2020-09-18T02:41:08.196Z"
    }
  },
  {
    "model": "department.userdepartment",
    "pk": 168,
    "fields": {
      "user": 130,
      "department": 17,
      "is_head": false,
      "is_active": true,
      "created_at": "2020-09-18T02:41:29.402Z"
    }
  },
  {
    "model": "department.userdepartment",
    "pk": 169,
    "fields": {
      "user": 95,
      "department": 17,
      "is_head": false,
      "is_active": true,
      "created_at": "2020-09-18T02:41:56.374Z"
    }
  },
  {
    "model": "department.userdepartment",
    "pk": 170,
    "fields": {
      "user": 203,
      "department": 17,
      "is_head": false,
      "is_active": true,
      "created_at": "2020-09-18T02:42:16.627Z"
    }
  },
  {
    "model": "department.userdepartment",
    "pk": 171,
    "fields": {
      "user": 185,
      "department": 17,
      "is_head": false,
      "is_active": true,
      "created_at": "2020-09-18T02:42:59.992Z"
    }
  },
  {
    "model": "department.userdepartment",
    "pk": 172,
    "fields": {
      "user": 516,
      "department": 17,
      "is_head": false,
      "is_active": true,
      "created_at": "2020-09-18T02:43:21.729Z"
    }
  },
  {
    "model": "department.userdepartment",
    "pk": 173,
    "fields": {
      "user": 47,
      "department": 17,
      "is_head": false,
      "is_active": true,
      "created_at": "2020-09-18T02:44:00.672Z"
    }
  },
  {
    "model": "department.userdepartment",
    "pk": 174,
    "fields": {
      "user": 128,
      "department": 17,
      "is_head": false,
      "is_active": true,
      "created_at": "2020-09-18T02:44:26.956Z"
    }
  },
  {
    "model": "department.userdepartment",
    "pk": 175,
    "fields": {
      "user": 443,
      "department": 17,
      "is_head": false,
      "is_active": true,
      "created_at": "2020-09-18T02:44:46.490Z"
    }
  },
  {
    "model": "department.userdepartment",
    "pk": 176,
    "fields": {
      "user": 234,
      "department": 17,
      "is_head": false,
      "is_active": true,
      "created_at": "2020-09-18T02:45:00.039Z"
    }
  },
  {
    "model": "department.userdepartment",
    "pk": 178,
    "fields": {
      "user": 132,
      "department": 17,
      "is_head": false,
      "is_active": true,
      "created_at": "2020-09-18T02:46:07.876Z"
    }
  },
  {
    "model": "department.log",
    "pk": 1,
    "fields": {
      "user": 8,
      "action": "CREATE",
      "department": null,
      "details": "Name: Sample Department | HEADS: (id:5, name:CRESELLE JOHN LAZO)",
      "ip_address": "202.137.122.27",
      "country": "Philippines",
      "city": "Davao City",
      "latitude": "7.0758",
      "longitude": "125.6139",
      "timestamp": "2020-07-22T02:39:52.522Z"
    }
  },
  {
    "model": "department.log",
    "pk": 2,
    "fields": {
      "user": 8,
      "action": "CREATE",
      "department": 10,
      "details": "Name: College of Education | HEADS: (id:5, name:CRESELLE JOHN LAZO)",
      "ip_address": "110.54.225.220",
      "country": "Philippines",
      "city": "Cebu City",
      "latitude": "10.3101",
      "longitude": "123.8929",
      "timestamp": "2020-07-27T05:17:45.935Z"
    }
  },
  {
    "model": "department.log",
    "pk": 3,
    "fields": {
      "user": 8,
      "action": "CREATE",
      "department": 11,
      "details": "Name: Quality Assurance Division | HEADS: (id:74, name:Henry Encabo)",
      "ip_address": "110.54.225.220",
      "country": "Philippines",
      "city": "Cebu City",
      "latitude": "10.3101",
      "longitude": "123.8929",
      "timestamp": "2020-07-27T06:04:51.075Z"
    }
  },
  {
    "model": "department.log",
    "pk": 4,
    "fields": {
      "user": 74,
      "action": "CREATE",
      "department": null,
      "details": "Name: IACAU | HEADS: (id:224, name:Stephanie PALCONIT)",
      "ip_address": "49.149.111.47",
      "country": "Philippines",
      "city": "Davao City",
      "latitude": "7.0758",
      "longitude": "125.6139",
      "timestamp": "2020-07-27T06:07:06.273Z"
    }
  },
  {
    "model": "department.log",
    "pk": 5,
    "fields": {
      "user": 74,
      "action": "CREATE",
      "department": null,
      "details": "Name: PACAU | HEADS: (id:152, name:Marriez Torreliza)",
      "ip_address": "49.149.111.47",
      "country": "Philippines",
      "city": "Davao City",
      "latitude": "7.0758",
      "longitude": "125.6139",
      "timestamp": "2020-07-27T06:08:25.059Z"
    }
  },
  {
    "model": "department.log",
    "pk": 6,
    "fields": {
      "user": 6,
      "action": "CREATE",
      "department": 14,
      "details": "Name: College of Technology | HEADS: (id:113, name:JOSEPH DELIGERO)",
      "ip_address": "49.149.220.53",
      "country": "Philippines",
      "city": "Cagayan de Oro",
      "latitude": "8.4851",
      "longitude": "124.648",
      "timestamp": "2020-09-07T13:31:54.866Z"
    }
  },
  {
    "model": "department.log",
    "pk": 7,
    "fields": {
      "user": 6,
      "action": "UPDATE",
      "department": 7,
      "details": "UPDATES =>  | HEADS: (id:94, name:LYNNETH SORRONDA)",
      "ip_address": "49.149.220.53",
      "country": "Philippines",
      "city": "Cagayan de Oro",
      "latitude": "8.4851",
      "longitude": "124.648",
      "timestamp": "2020-09-07T13:33:20.773Z"
    }
  },
  {
    "model": "department.log",
    "pk": 8,
    "fields": {
      "user": 6,
      "action": "CREATE",
      "department": 15,
      "details": "Name: College of Applied Economics | HEADS: (id:233, name:Ronald ESTRADA)",
      "ip_address": "49.149.220.53",
      "country": "Philippines",
      "city": "Cagayan de Oro",
      "latitude": "8.4851",
      "longitude": "124.648",
      "timestamp": "2020-09-07T13:40:12.901Z"
    }
  },
  {
    "model": "department.log",
    "pk": 9,
    "fields": {
      "user": 6,
      "action": "CREATE",
      "department": 16,
      "details": "Name: College of Arts and Sciences | HEADS: (id:139, name:Sheila Grace Europa)",
      "ip_address": "49.149.220.53",
      "country": "Philippines",
      "city": "Cagayan de Oro",
      "latitude": "8.4851",
      "longitude": "124.648",
      "timestamp": "2020-09-07T13:40:57.340Z"
    }
  },
  {
    "model": "department.log",
    "pk": 10,
    "fields": {
      "user": 6,
      "action": "CREATE",
      "department": 17,
      "details": "Name: College of Business Administration | HEADS: (id:449, name:Angelo JADRAQUE)",
      "ip_address": "49.149.220.53",
      "country": "Philippines",
      "city": "Cagayan de Oro",
      "latitude": "8.4851",
      "longitude": "124.648",
      "timestamp": "2020-09-07T13:41:25.965Z"
    }
  },
  {
    "model": "department.log",
    "pk": 11,
    "fields": {
      "user": 6,
      "action": "UPDATE",
      "department": 10,
      "details": "UPDATES =>  | HEADS: (id:205, name:Marivic NERI)",
      "ip_address": "49.149.220.53",
      "country": "Philippines",
      "city": "Cagayan de Oro",
      "latitude": "8.4851",
      "longitude": "124.648",
      "timestamp": "2020-09-07T13:42:02.304Z"
    }
  },
  {
    "model": "department.log",
    "pk": 12,
    "fields": {
      "user": 6,
      "action": "CREATE",
      "department": 18,
      "details": "Name: College of Development Management | HEADS: (id:176, name:RONIE PANES)",
      "ip_address": "49.149.220.53",
      "country": "Philippines",
      "city": "Cagayan de Oro",
      "latitude": "8.4851",
      "longitude": "124.648",
      "timestamp": "2020-09-07T13:47:00.054Z"
    }
  },
  {
    "model": "department.log",
    "pk": 13,
    "fields": {
      "user": 6,
      "action": "CREATE",
      "department": 19,
      "details": "Name: College of Agriculture and Related Sciences | HEADS: (id:427, name:Erlyn Grace Torculas)",
      "ip_address": "49.149.220.53",
      "country": "Philippines",
      "city": "Cagayan de Oro",
      "latitude": "8.4851",
      "longitude": "124.648",
      "timestamp": "2020-09-07T13:47:58.009Z"
    }
  },
  {
    "model": "department.log",
    "pk": 14,
    "fields": {
      "user": 6,
      "action": "CREATE",
      "department": 20,
      "details": "Name: College of Teacher Education and Technology | HEADS: (id:409, name:TRISHA OLANDRIA)",
      "ip_address": "49.149.220.53",
      "country": "Philippines",
      "city": "Cagayan de Oro",
      "latitude": "8.4851",
      "longitude": "124.648",
      "timestamp": "2020-09-07T13:48:39.315Z"
    }
  },
  {
    "model": "department.log",
    "pk": 15,
    "fields": {
      "user": 8,
      "action": "UPDATE",
      "department": 6,
      "details": "UPDATES =>  | NAME: Systems and Data Management Division | HEADS: (id:3, name:Ariel Roy Reyes)",
      "ip_address": "110.54.247.126",
      "country": "Philippines",
      "city": null,
      "latitude": "14.5955",
      "longitude": "120.9721",
      "timestamp": "2020-09-07T13:56:12.869Z"
    }
  },
  {
    "model": "department.log",
    "pk": 16,
    "fields": {
      "user": 6,
      "action": "CREATE",
      "department": null,
      "details": "Name: College of Ice and Fire (Dummy) | HEADS: (id:6, name:JAMAL KAY ROGERS)",
      "ip_address": "49.149.220.53",
      "country": "Philippines",
      "city": "Cagayan de Oro",
      "latitude": "8.4851",
      "longitude": "124.648",
      "timestamp": "2020-09-08T09:42:03.227Z"
    }
  }
]
